id,title,posterUrl
1,Oppenheimer,https://www.themoviedb.org/t/p/w600_and_h900_bestv2/1OsQJEoSXBjduuCvDOlRhoEUaHu.jpg
2,Barbie,https://www.themoviedb.org/t/p/w600_and_h900_bestv2/yRRuLt7sMBEQkHsd1S3KaaofZn7.jpg
3,Duna: Parte Dois,https://www.themoviedb.org/t/p/w600_and_h900_bestv2/8LJJjLjAzAwXS40S5mx79PJ2jSs.jpg
4,Guardiões da Galáxia Vol. 3,https://www.themoviedb.org/t/p/w600_and_h900_bestv2/4yycSPnchdNAZirGkmCYQwTd3cr.jpg
5,Homem-Aranha: Sem Volta Para Casa,https://www.themoviedb.org/t/p/w600_and_h900_bestv2/8qBccgSj0Ru9Odm1Mjv82cxDr7l.jpg
6,Avatar: O Caminho da Água,https://www.themoviedb.org/t/p/w600_and_h900_bestv2/mbYQLLluS651W89jO7MOZcLSCUw.jpg
7,The Batman,	https://image.tmdb.org/t/p/w500/74xTEgt7R36Fpooo50r9T25onhq.jpg
8,John Wick 4,https://www.themoviedb.org/t/p/w600_and_h900_bestv2/dHQEM7aqsvBQnPmjdyTgb5fUG5q.jpg
9,Super Mario Bros. O Filme,https://www.themoviedb.org/t/p/w600_and_h900_bestv2/ktU3MIeZtuEVRlMftgp0HMX2WR7.jpg
10,Divertida Mente 2,https://www.themoviedb.org/t/p/w600_and_h900_bestv2/xGvz7nlGQeePcVOpAzOcHsC7kRt.jpg
